DROP SEQUENCE seq_estado;
DROP SEQUENCE seq_cod_producto;
DROP SEQUENCE seq_cod_pedido;
DROP SEQUENCE seq_cod_venta;

-- Tabla CLIENTE
INSERT INTO CLIENTE (DOCUMENTO_CLIENTE,NOMBRE,PRIMER_APELLIDO,SEGUNDO_APELLIDO,TELEFONO_CLI,CORREO) values ('16451','RAFAEL','HERRERA','DIAZ','6362615','fronhs01@edatel.net.co');
INSERT INTO CLIENTE (DOCUMENTO_CLIENTE,NOMBRE,PRIMER_APELLIDO,SEGUNDO_APELLIDO,TELEFONO_CLI,CORREO) values ('18133','JONATHAN','MENDEZ','RODRIGUEZ','6672727',null);
INSERT INTO CLIENTE (DOCUMENTO_CLIENTE,NOMBRE,PRIMER_APELLIDO,SEGUNDO_APELLIDO,TELEFONO_CLI,CORREO) values ('12685','JORGE','MORALES','SEVERICHE','3390900','clinicabelen@gmail.com');
INSERT INTO CLIENTE (DOCUMENTO_CLIENTE,NOMBRE,PRIMER_APELLIDO,SEGUNDO_APELLIDO,TELEFONO_CLI,CORREO) values ('17319','ALEX','MORALES','SOLANO','7459010','hospifusa@yahoo.com');
INSERT INTO CLIENTE (DOCUMENTO_CLIENTE,NOMBRE,PRIMER_APELLIDO,SEGUNDO_APELLIDO,TELEFONO_CLI,CORREO) values ('6166','OMAR','ORTIZ',null,'4077075',null);
INSERT INTO CLIENTE (DOCUMENTO_CLIENTE,NOMBRE,PRIMER_APELLIDO,SEGUNDO_APELLIDO,TELEFONO_CLI,CORREO) values ('12893','JHONAIMA','RUIZ','HOYOS','4767830','carterahsrg@etb.net.co');
INSERT INTO CLIENTE (DOCUMENTO_CLIENTE,NOMBRE,PRIMER_APELLIDO,SEGUNDO_APELLIDO,TELEFONO_CLI,CORREO) values ('18394','JOSELINA','SILGADO','CASTILLO','6436131','ncss@mediasociados.com.co');
INSERT INTO CLIENTE (DOCUMENTO_CLIENTE,NOMBRE,PRIMER_APELLIDO,SEGUNDO_APELLIDO,TELEFONO_CLI,CORREO) values ('16257','YUDANI','TORO','MARQUEZ','6382828',null);
INSERT INTO CLIENTE (DOCUMENTO_CLIENTE,NOMBRE,PRIMER_APELLIDO,SEGUNDO_APELLIDO,TELEFONO_CLI,CORREO) values ('8322','GUILLERMO','TORRES',null,'6555361','dgomehs01@edatel.net.co');


-- Tabla ESTADO
CREATE SEQUENCE seq_estado
START WITH 10
INCREMENT BY 10
MAXVALUE 50;

INSERT INTO ESTADO (CODIGO_ESTADO, NOMBRE_ESTADO) VALUES (seq_estado.nextval,'Revisión');
INSERT INTO ESTADO (CODIGO_ESTADO, NOMBRE_ESTADO) VALUES (seq_estado.nextval,'Aceptado');
INSERT INTO ESTADO (CODIGO_ESTADO, NOMBRE_ESTADO) VALUES (seq_estado.nextval,'Devolución');


-- Tabla PRODUCTO
CREATE SEQUENCE seq_cod_producto
START WITH 1
INCREMENT BY 1
MAXVALUE 50;

INSERT INTO PRODUCTO (CODIGO_PRODUCTO,NOMBRE_PRODUCTO,DESCRIPCION,PRECIO,EXISTENCIA_REAL,DISPONIBLE_VENTA) values (seq_cod_producto.nextval,'Caja de archivo','Para guardar archivos',43360,199,11);
INSERT INTO PRODUCTO (CODIGO_PRODUCTO,NOMBRE_PRODUCTO,DESCRIPCION,PRECIO,EXISTENCIA_REAL,DISPONIBLE_VENTA) values (seq_cod_producto.nextval,'Calculadora ','de escritorio y cientificas',36202,153,21);
INSERT INTO PRODUCTO (CODIGO_PRODUCTO,NOMBRE_PRODUCTO,DESCRIPCION,PRECIO,EXISTENCIA_REAL,DISPONIBLE_VENTA) values (seq_cod_producto.nextval,'Carpetas escolares y ejecutivas','Permite lleva los documentos',4173,76,34);
INSERT INTO PRODUCTO (CODIGO_PRODUCTO,NOMBRE_PRODUCTO,DESCRIPCION,PRECIO,EXISTENCIA_REAL,DISPONIBLE_VENTA) values (seq_cod_producto.nextval,'Cartones corrugados',null,30890,73,48);
INSERT INTO PRODUCTO (CODIGO_PRODUCTO,NOMBRE_PRODUCTO,DESCRIPCION,PRECIO,EXISTENCIA_REAL,DISPONIBLE_VENTA) values (seq_cod_producto.nextval,'Cartucho','Toner',1553,115,41);
INSERT INTO PRODUCTO (CODIGO_PRODUCTO,NOMBRE_PRODUCTO,DESCRIPCION,PRECIO,EXISTENCIA_REAL,DISPONIBLE_VENTA) values (seq_cod_producto.nextval,'Cartulina','Varios colores y dimensiones',28464,105,48);
INSERT INTO PRODUCTO (CODIGO_PRODUCTO,NOMBRE_PRODUCTO,DESCRIPCION,PRECIO,EXISTENCIA_REAL,DISPONIBLE_VENTA) values (seq_cod_producto.nextval,'Cinta',null,13988,59,36);
INSERT INTO PRODUCTO (CODIGO_PRODUCTO,NOMBRE_PRODUCTO,DESCRIPCION,PRECIO,EXISTENCIA_REAL,DISPONIBLE_VENTA) values (seq_cod_producto.nextval,'Clips mariposa y sencillo',null,36875,131,13);
INSERT INTO PRODUCTO (CODIGO_PRODUCTO,NOMBRE_PRODUCTO,DESCRIPCION,PRECIO,EXISTENCIA_REAL,DISPONIBLE_VENTA) values (seq_cod_producto.nextval,'Colores y plumones',null,32232,54,45);
INSERT INTO PRODUCTO (CODIGO_PRODUCTO,NOMBRE_PRODUCTO,DESCRIPCION,PRECIO,EXISTENCIA_REAL,DISPONIBLE_VENTA) values (seq_cod_producto.nextval,'Compas',null,14704,108,17);
INSERT INTO PRODUCTO (CODIGO_PRODUCTO,NOMBRE_PRODUCTO,DESCRIPCION,PRECIO,EXISTENCIA_REAL,DISPONIBLE_VENTA) values (seq_cod_producto.nextval,'Corrector','botella y lapiz',48337,103,48);
INSERT INTO PRODUCTO (CODIGO_PRODUCTO,NOMBRE_PRODUCTO,DESCRIPCION,PRECIO,EXISTENCIA_REAL,DISPONIBLE_VENTA) values (seq_cod_producto.nextval,'Cosedora','escritorio e industrial',557,139,18);
INSERT INTO PRODUCTO (CODIGO_PRODUCTO,NOMBRE_PRODUCTO,DESCRIPCION,PRECIO,EXISTENCIA_REAL,DISPONIBLE_VENTA) values (seq_cod_producto.nextval,'Crayón ','escolar e industrial',43154,123,20);
INSERT INTO PRODUCTO (CODIGO_PRODUCTO,NOMBRE_PRODUCTO,DESCRIPCION,PRECIO,EXISTENCIA_REAL,DISPONIBLE_VENTA) values (seq_cod_producto.nextval,' Caja de matemática','Kit con varias herramientas',14006,75,45);
INSERT INTO PRODUCTO (CODIGO_PRODUCTO,NOMBRE_PRODUCTO,DESCRIPCION,PRECIO,EXISTENCIA_REAL,DISPONIBLE_VENTA) values (seq_cod_producto.nextval,'Cuaderno','argollados y cosidos',12589,132,48);


-- Tabla PROVEEDOR
INSERT INTO PROVEEDOR (NIT,NOMBRE_PROVEEDOR,NOMBRE_CONTACTO,PRIMER_APELLIDO_CONTACTO,SEGUNDO_APELLIDO_CONTACTO,TELEFONO_CONTACTO,CORREO_PROVEEDOR,TELEFONO_PROVEEDOR) values (89029,'ATECA','CARMELO',' PEREA','RAMIREZ','669-764553','airlandservices@hotmail.com','(8) 5925953');
INSERT INTO PROVEEDOR (NIT,NOMBRE_PROVEEDOR,NOMBRE_CONTACTO,PRIMER_APELLIDO_CONTACTO,SEGUNDO_APELLIDO_CONTACTO,TELEFONO_CONTACTO,CORREO_PROVEEDOR,TELEFONO_PROVEEDOR) values (82567,'BESAM','FERNANDO A','MACÍAS','MAYA','630-892854','lma@lineamedica.com','885 5804');
INSERT INTO PROVEEDOR (NIT,NOMBRE_PROVEEDOR,NOMBRE_CONTACTO,PRIMER_APELLIDO_CONTACTO,SEGUNDO_APELLIDO_CONTACTO,TELEFONO_CONTACTO,CORREO_PROVEEDOR,TELEFONO_PROVEEDOR) values (81467,'CLIMAODIEL','JOAQUIN','MENDOZA','GARRIDO','607-266664','gerencia@trasmedica.com','(4)2687027  ');
INSERT INTO PROVEEDOR (NIT,NOMBRE_PROVEEDOR,NOMBRE_CONTACTO,PRIMER_APELLIDO_CONTACTO,SEGUNDO_APELLIDO_CONTACTO,TELEFONO_CONTACTO,CORREO_PROVEEDOR,TELEFONO_PROVEEDOR) values (83497,'BOTINCA','MARCOS','ALCOBA',null,'600-406385','ambulanciasurgenciasvital@hotmail.com','636 23 51');
INSERT INTO PROVEEDOR (NIT,NOMBRE_PROVEEDOR,NOMBRE_CONTACTO,PRIMER_APELLIDO_CONTACTO,SEGUNDO_APELLIDO_CONTACTO,TELEFONO_CONTACTO,CORREO_PROVEEDOR,TELEFONO_PROVEEDOR) values (86945,'COARCA','JUAN ANTONIO','ARIZA',null,'609-627189','direccioncomercial@amalavida.com','636 23 51');
INSERT INTO PROVEEDOR (NIT,NOMBRE_PROVEEDOR,NOMBRE_CONTACTO,PRIMER_APELLIDO_CONTACTO,SEGUNDO_APELLIDO_CONTACTO,TELEFONO_CONTACTO,CORREO_PROVEEDOR,TELEFONO_PROVEEDOR) values (86287,'DAM, S.C.A.','BENIGNO','PALMERO','ARCENEGUI','656-359674','luzmarbol@hotmail.com','636 23 51');
INSERT INTO PROVEEDOR (NIT,NOMBRE_PROVEEDOR,NOMBRE_CONTACTO,PRIMER_APELLIDO_CONTACTO,SEGUNDO_APELLIDO_CONTACTO,TELEFONO_CONTACTO,CORREO_PROVEEDOR,TELEFONO_PROVEEDOR) values (87520,'EL CORTE INGLES','RAFAEL','FRANCISCO',null,'605-086539','ambulancias.fortsalud@gmail.com','(4) 7901300');
INSERT INTO PROVEEDOR (NIT,NOMBRE_PROVEEDOR,NOMBRE_CONTACTO,PRIMER_APELLIDO_CONTACTO,SEGUNDO_APELLIDO_CONTACTO,TELEFONO_CONTACTO,CORREO_PROVEEDOR,TELEFONO_PROVEEDOR) values (84851,'MONCOBRA','EDUARDO L.','L.MORENO','SÁNCHEZ','606-469462','ambulanciassap@hotmail.com','(8) 8719393');
INSERT INTO PROVEEDOR (NIT,NOMBRE_PROVEEDOR,NOMBRE_CONTACTO,PRIMER_APELLIDO_CONTACTO,SEGUNDO_APELLIDO_CONTACTO,TELEFONO_CONTACTO,CORREO_PROVEEDOR,TELEFONO_PROVEEDOR) values (88936,'POLANCO','MIRIAM','RUIZ','ANTÓN','639-162539','lastres.emes@hotmail.com','636 23 51');
INSERT INTO PROVEEDOR (NIT,NOMBRE_PROVEEDOR,NOMBRE_CONTACTO,PRIMER_APELLIDO_CONTACTO,SEGUNDO_APELLIDO_CONTACTO,TELEFONO_CONTACTO,CORREO_PROVEEDOR,TELEFONO_PROVEEDOR) values (80714,'NUSIM, S.A','PEDRO','ARES',null,'649-925672','o.rocha@medisis.com.co','636 23 51');


-- Tabla VENDEDOR
INSERT INTO VENDEDOR (DOCUMENTO,NOMBRE,PRIMER_APELLIDO,SEGUNDO_APELLIDO,TELEFONO,CELULAR,CORREO,DIRECCION,VENDEDOR_DOCUMENTO_JEFE) values ('102000','GUILLERMO','MARTINEZ','VERGARA','5616161','3191478789','hospitalnere@yahut.com','Carrera 7 No. 6 – 68 ','102000');
INSERT INTO VENDEDOR (DOCUMENTO,NOMBRE,PRIMER_APELLIDO,SEGUNDO_APELLIDO,TELEFONO,CELULAR,CORREO,DIRECCION,VENDEDOR_DOCUMENTO_JEFE) values ('82096','ALBERTINA','RAMOS',null,'5716927','3187851877','hdtpsalgar@hotmail.com.co','Carrera 16 No. 9-53','102000');
INSERT INTO VENDEDOR (DOCUMENTO,NOMBRE,PRIMER_APELLIDO,SEGUNDO_APELLIDO,TELEFONO,CELULAR,CORREO,DIRECCION,VENDEDOR_DOCUMENTO_JEFE) values ('78720','JAINER','VITOLA','ZABALETA','5413700','3190982223','lisbethsoto2006@hotmail.con','Cra. 9 A No. 14 – 17','82096');
INSERT INTO VENDEDOR (DOCUMENTO,NOMBRE,PRIMER_APELLIDO,SEGUNDO_APELLIDO,TELEFONO,CELULAR,CORREO,DIRECCION,VENDEDOR_DOCUMENTO_JEFE) values ('65945','ZHARICK','CASAS','CORDOBA','5319638','3180802720','clofan@epm.net.co','Carrera 4 No. 4A - 12','102000');


-- Tabla PEDIDO
CREATE SEQUENCE seq_cod_pedido
START WITH 101
INCREMENT BY 1
MAXVALUE 200;

INSERT INTO PEDIDO (CODIGO_PEDIDO, PROVEEDOR_NIT, ESTADO_CODIGO_ESTADO) VALUES (seq_cod_pedido.nextval,89029,10);
INSERT INTO PEDIDO (CODIGO_PEDIDO, PROVEEDOR_NIT, ESTADO_CODIGO_ESTADO) VALUES (seq_cod_pedido.nextval,82567,10);
INSERT INTO PEDIDO (CODIGO_PEDIDO, PROVEEDOR_NIT, ESTADO_CODIGO_ESTADO) VALUES (seq_cod_pedido.nextval,82567,20);
INSERT INTO PEDIDO (CODIGO_PEDIDO, PROVEEDOR_NIT, ESTADO_CODIGO_ESTADO) VALUES (seq_cod_pedido.nextval,81467,30);
INSERT INTO PEDIDO (CODIGO_PEDIDO, PROVEEDOR_NIT, ESTADO_CODIGO_ESTADO) VALUES (seq_cod_pedido.nextval,89029,20);


-- Tabla PRODUCTO_PEDIDO
INSERT INTO PRODUCTO_PEDIDO (PRODUCTO_CODIGO_PRODUCTO, PEDIDO_CODIGO_PEDIDO, CANTIDAD, VALOR_UNITARIO) VALUES (7,101,29,19532);
INSERT INTO PRODUCTO_PEDIDO (PRODUCTO_CODIGO_PRODUCTO, PEDIDO_CODIGO_PEDIDO, CANTIDAD, VALOR_UNITARIO) VALUES (9,102,10,20754);
INSERT INTO PRODUCTO_PEDIDO (PRODUCTO_CODIGO_PRODUCTO, PEDIDO_CODIGO_PEDIDO, CANTIDAD, VALOR_UNITARIO) VALUES (11,103,18,38937);
INSERT INTO PRODUCTO_PEDIDO (PRODUCTO_CODIGO_PRODUCTO, PEDIDO_CODIGO_PEDIDO, CANTIDAD, VALOR_UNITARIO) VALUES (13,104,30,43712);
INSERT INTO PRODUCTO_PEDIDO (PRODUCTO_CODIGO_PRODUCTO, PEDIDO_CODIGO_PEDIDO, CANTIDAD, VALOR_UNITARIO) VALUES (3,105,2,35768);


-- Tabla VENTA
CREATE SEQUENCE seq_cod_venta
START WITH 1521
INCREMENT BY 1
MAXVALUE 2000;

INSERT INTO VENTA (CODIGO_VENTA,FECHA_VENTA,VALOR_TOTAL,VENDEDOR_DOCUMENTO,CLIENTE_DOCUMENTO_CLIENTE) values (seq_cod_venta.nextval,to_date('19/05/2016','DD/MM/YYYY'),1257440,'102000','16451');
INSERT INTO VENTA (CODIGO_VENTA,FECHA_VENTA,VALOR_TOTAL,VENDEDOR_DOCUMENTO,CLIENTE_DOCUMENTO_CLIENTE) values (seq_cod_venta.nextval,to_date('19/05/2016','DD/MM/YYYY'),1086060,'82096','18133');
INSERT INTO VENTA (CODIGO_VENTA,FECHA_VENTA,VALOR_TOTAL,VENDEDOR_DOCUMENTO,CLIENTE_DOCUMENTO_CLIENTE) values (seq_cod_venta.nextval,to_date('19/05/2016','DD/MM/YYYY'),146055,'78720','12685');
INSERT INTO VENTA (CODIGO_VENTA,FECHA_VENTA,VALOR_TOTAL,VENDEDOR_DOCUMENTO,CLIENTE_DOCUMENTO_CLIENTE) values (seq_cod_venta.nextval,to_date('18/05/2016','DD/MM/YYYY'),61780,'65945','17319');
INSERT INTO VENTA (CODIGO_VENTA,FECHA_VENTA,VALOR_TOTAL,VENDEDOR_DOCUMENTO,CLIENTE_DOCUMENTO_CLIENTE) values (seq_cod_venta.nextval,to_date('18/05/2016','DD/MM/YYYY'),61780,'102000','16451');
INSERT INTO VENTA (CODIGO_VENTA,FECHA_VENTA,VALOR_TOTAL,VENDEDOR_DOCUMENTO,CLIENTE_DOCUMENTO_CLIENTE) values (seq_cod_venta.nextval,to_date('15/05/2016','DD/MM/YYYY'),996240,'102000','18133');
INSERT INTO VENTA (CODIGO_VENTA,FECHA_VENTA,VALOR_TOTAL,VENDEDOR_DOCUMENTO,CLIENTE_DOCUMENTO_CLIENTE) values (seq_cod_venta.nextval,to_date('15/05/2016','DD/MM/YYYY'),419640,'102000','18133');
INSERT INTO VENTA (CODIGO_VENTA,FECHA_VENTA,VALOR_TOTAL,VENDEDOR_DOCUMENTO,CLIENTE_DOCUMENTO_CLIENTE) values (seq_cod_venta.nextval,to_date('14/05/2016','DD/MM/YYYY'),73750,'82096','17319');
INSERT INTO VENTA (CODIGO_VENTA,FECHA_VENTA,VALOR_TOTAL,VENDEDOR_DOCUMENTO,CLIENTE_DOCUMENTO_CLIENTE) values (seq_cod_venta.nextval,to_date('14/05/2016','DD/MM/YYYY'),934728,'78720','6166');


-- Tabla PRODUCTO_VENTA
INSERT INTO PRODUCTO_VENTA (PRODUCTO_CODIGO_PRODUCTO, VENTA_CODIGO_VENTA, CANTIDAD) VALUES (10,1521,30);
INSERT INTO PRODUCTO_VENTA (PRODUCTO_CODIGO_PRODUCTO, VENTA_CODIGO_VENTA, CANTIDAD) VALUES (1,1522,29);
INSERT INTO PRODUCTO_VENTA (PRODUCTO_CODIGO_PRODUCTO, VENTA_CODIGO_VENTA, CANTIDAD) VALUES (6,1529,35);
INSERT INTO PRODUCTO_VENTA (PRODUCTO_CODIGO_PRODUCTO, VENTA_CODIGO_VENTA, CANTIDAD) VALUES (5,1521,2);
